rnd_seed_measure,dataset_name,dataset_size,dataset_offset,dataset_file,dataset_fmt,image_width,image_height,batch_size_measure,model_dir,perturb_bn,perturb_params_size,perturb_ratio,perturb_sample_size,err_num_random,test_err_wst,test_err_avr,rnd_seed_search,batch_size_search,search_mode,max_iteration,err_num_search,err_num,gen_err_wst_adapt_ub,test_err_wst_adapt_ub,err_thr_adapt_ub,err_thr_adapt,conf_wst_adapt,conf0_wst_adapt,gen_err_wst_fix_ub,test_err_wst_fix_ub,err_thr_fix,conf_wst_fix,conf0_wst_fix,gen_err_rnd_ub,test_err_rnd_ub,conf_rnd,conf0_rnd
1, mnist, 5000, 0, N/A, N/A, N/A, N/A, 5000, model, 0, 0, 0, 1215, 167, 0.0334, 0.0334, 1, 10, 0, 20, 0, 167, 0.0407656581684186, 0.0334, 0.009698345578450824, 0.009635239050371083, 0.9, 0.95, 0.0407656581684186, 0.0334, 0.009995856318645635, 0.9, 0.95, 0.03999602795016642, 0.0334, 0.9, 1
1, mnist, 5000, 0, N/A, N/A, N/A, N/A, 5000, model, 0, 118282, 0.01, 1215, 178, 0.0356, 0.03324543209876543, 1, 10, 0, 20, 990, 1168, 0.2501102916419514, 0.2336, 0.007647651248847644, 0.007494663411029091, 0.9, 0.95, 0.04317870170965612, 0.0356, 0.009995856318645635, 0.9, 0.95, 0.06229167243970715, 0.04914084064816469, 0.9, 0.95
1, mnist, 5000, 0, N/A, N/A, N/A, N/A, 5000, model, 0, 118282, 0.1, 1215, 318, 0.0636, 0.0336640329218107, 1, 10, 0, 20, 4677, 4995, 1.0, 0.999, 1.2895116002472986e-05, 4.351260747727959e-06, 0.9, 0.95, 0.0734047137363888, 0.0636, 0.009995856318645635, 0.9, 0.95, 0.06285014268301353, 0.049641803252806385, 0.9, 0.95
1, mnist, 5000, 0, N/A, N/A, N/A, N/A, 5000, model, 0, 118282, 1.0, 1215, 5000, 1.0, 0.2637767901234568, 1, 10, 0, 20, 0, 5000, 1.0, 1.0, 0, 0, 1.0, 1.0, 1.0, 1.0, 0.009995856318645635, 0.9, 0.95, 0.32524602578101497, 0.2990255817742214, 0.9, 0.95
